--
-- PostgreSQL database dump
--

-- Dumped from database version 12.17 (Ubuntu 12.17-1.pgdg22.04+1)
-- Dumped by pg_dump version 12.17 (Ubuntu 12.17-1.pgdg22.04+1)

SET statement_timeout = 0;
SET lock_timeout = 0;
SET idle_in_transaction_session_timeout = 0;
SET client_encoding = 'UTF8';
SET standard_conforming_strings = on;
SELECT pg_catalog.set_config('search_path', '', false);
SET check_function_bodies = false;
SET xmloption = content;
SET client_min_messages = warning;
SET row_security = off;

DROP DATABASE universe;
--
-- Name: universe; Type: DATABASE; Schema: -; Owner: freecodecamp
--

CREATE DATABASE universe WITH TEMPLATE = template0 ENCODING = 'UTF8' LC_COLLATE = 'C.UTF-8' LC_CTYPE = 'C.UTF-8';


ALTER DATABASE universe OWNER TO freecodecamp;

\connect universe

SET statement_timeout = 0;
SET lock_timeout = 0;
SET idle_in_transaction_session_timeout = 0;
SET client_encoding = 'UTF8';
SET standard_conforming_strings = on;
SELECT pg_catalog.set_config('search_path', '', false);
SET check_function_bodies = false;
SET xmloption = content;
SET client_min_messages = warning;
SET row_security = off;

SET default_tablespace = '';

SET default_table_access_method = heap;

--
-- Name: galaxy; Type: TABLE; Schema: public; Owner: freecodecamp
--

CREATE TABLE public.galaxy (
    galaxy_id integer NOT NULL,
    name character varying NOT NULL,
    description text,
    age_in_millions_of_years integer NOT NULL,
    galaxy_types_id integer
);


ALTER TABLE public.galaxy OWNER TO freecodecamp;

--
-- Name: galaxy_galaxy_id_seq; Type: SEQUENCE; Schema: public; Owner: freecodecamp
--

ALTER TABLE public.galaxy ALTER COLUMN galaxy_id ADD GENERATED BY DEFAULT AS IDENTITY (
    SEQUENCE NAME public.galaxy_galaxy_id_seq
    START WITH 1
    INCREMENT BY 1
    NO MINVALUE
    NO MAXVALUE
    CACHE 1
);


--
-- Name: galaxy_types; Type: TABLE; Schema: public; Owner: freecodecamp
--

CREATE TABLE public.galaxy_types (
    galaxy_types_id integer NOT NULL,
    name character varying NOT NULL,
    description text
);


ALTER TABLE public.galaxy_types OWNER TO freecodecamp;

--
-- Name: galaxy_types_galaxy_types_id_seq; Type: SEQUENCE; Schema: public; Owner: freecodecamp
--

ALTER TABLE public.galaxy_types ALTER COLUMN galaxy_types_id ADD GENERATED BY DEFAULT AS IDENTITY (
    SEQUENCE NAME public.galaxy_types_galaxy_types_id_seq
    START WITH 1
    INCREMENT BY 1
    NO MINVALUE
    NO MAXVALUE
    CACHE 1
);


--
-- Name: moon; Type: TABLE; Schema: public; Owner: freecodecamp
--

CREATE TABLE public.moon (
    moon_id integer NOT NULL,
    name character varying NOT NULL,
    description text,
    planet_id integer,
    is_spherical boolean
);


ALTER TABLE public.moon OWNER TO freecodecamp;

--
-- Name: moon_moon_id_seq; Type: SEQUENCE; Schema: public; Owner: freecodecamp
--

ALTER TABLE public.moon ALTER COLUMN moon_id ADD GENERATED BY DEFAULT AS IDENTITY (
    SEQUENCE NAME public.moon_moon_id_seq
    START WITH 1
    INCREMENT BY 1
    NO MINVALUE
    NO MAXVALUE
    CACHE 1
);


--
-- Name: planet; Type: TABLE; Schema: public; Owner: freecodecamp
--

CREATE TABLE public.planet (
    planet_id integer NOT NULL,
    name character varying NOT NULL,
    description text,
    distance_from_earth numeric,
    star_id integer,
    has_life boolean NOT NULL
);


ALTER TABLE public.planet OWNER TO freecodecamp;

--
-- Name: planet_planet_id_seq; Type: SEQUENCE; Schema: public; Owner: freecodecamp
--

ALTER TABLE public.planet ALTER COLUMN planet_id ADD GENERATED BY DEFAULT AS IDENTITY (
    SEQUENCE NAME public.planet_planet_id_seq
    START WITH 1
    INCREMENT BY 1
    NO MINVALUE
    NO MAXVALUE
    CACHE 1
);


--
-- Name: star; Type: TABLE; Schema: public; Owner: freecodecamp
--

CREATE TABLE public.star (
    star_id integer NOT NULL,
    name character varying NOT NULL,
    description text,
    age_in_millions_of_years integer NOT NULL,
    galaxy_id integer
);


ALTER TABLE public.star OWNER TO freecodecamp;

--
-- Name: star_star_id_seq; Type: SEQUENCE; Schema: public; Owner: freecodecamp
--

ALTER TABLE public.star ALTER COLUMN star_id ADD GENERATED BY DEFAULT AS IDENTITY (
    SEQUENCE NAME public.star_star_id_seq
    START WITH 1
    INCREMENT BY 1
    NO MINVALUE
    NO MAXVALUE
    CACHE 1
);


--
-- Data for Name: galaxy; Type: TABLE DATA; Schema: public; Owner: freecodecamp
--

INSERT INTO public.galaxy VALUES (1, 'alcyoneus', NULL, 10, NULL);
INSERT INTO public.galaxy VALUES (2, 'andromeda', NULL, 10, NULL);
INSERT INTO public.galaxy VALUES (3, 'backward', NULL, 10, NULL);
INSERT INTO public.galaxy VALUES (4, 'bear paw', NULL, 10, NULL);
INSERT INTO public.galaxy VALUES (5, 'black eye', NULL, 10, NULL);
INSERT INTO public.galaxy VALUES (6, 'blinking', NULL, 10, NULL);


--
-- Data for Name: galaxy_types; Type: TABLE DATA; Schema: public; Owner: freecodecamp
--

INSERT INTO public.galaxy_types VALUES (1, 'elliptical', NULL);
INSERT INTO public.galaxy_types VALUES (2, 'spiral', NULL);
INSERT INTO public.galaxy_types VALUES (3, 'irregular', NULL);
INSERT INTO public.galaxy_types VALUES (4, 'lenticular', NULL);
INSERT INTO public.galaxy_types VALUES (5, 'seyfert', NULL);
INSERT INTO public.galaxy_types VALUES (6, 'quasar', NULL);


--
-- Data for Name: moon; Type: TABLE DATA; Schema: public; Owner: freecodecamp
--

INSERT INTO public.moon VALUES (1, 'themoon', NULL, 1, NULL);
INSERT INTO public.moon VALUES (2, 'some-moon00', NULL, 2, NULL);
INSERT INTO public.moon VALUES (3, 'some-moon01', NULL, 2, NULL);
INSERT INTO public.moon VALUES (4, 'some-moon02', NULL, 2, NULL);
INSERT INTO public.moon VALUES (5, 'some-moon03', NULL, 2, NULL);
INSERT INTO public.moon VALUES (6, 'some-moon05', NULL, 2, NULL);
INSERT INTO public.moon VALUES (7, 'some-moon06', NULL, 2, NULL);
INSERT INTO public.moon VALUES (8, 'some-moon07', NULL, 2, NULL);
INSERT INTO public.moon VALUES (9, 'some-moon08', NULL, 2, NULL);
INSERT INTO public.moon VALUES (10, 'some-moon09', NULL, 2, NULL);
INSERT INTO public.moon VALUES (11, 'some-moon10', NULL, 2, NULL);
INSERT INTO public.moon VALUES (12, 'some-moon11', NULL, 2, NULL);
INSERT INTO public.moon VALUES (13, 'some-moon12', NULL, 2, NULL);
INSERT INTO public.moon VALUES (14, 'some-moon13', NULL, 2, NULL);
INSERT INTO public.moon VALUES (15, 'some-moon14', NULL, 2, NULL);
INSERT INTO public.moon VALUES (16, 'some-moon15', NULL, 2, NULL);
INSERT INTO public.moon VALUES (17, 'some-moon16', NULL, 2, NULL);
INSERT INTO public.moon VALUES (18, 'some-moon17', NULL, 2, NULL);
INSERT INTO public.moon VALUES (19, 'some-some-moon00', NULL, 3, NULL);
INSERT INTO public.moon VALUES (20, 'some-some-moon01', NULL, 3, NULL);
INSERT INTO public.moon VALUES (21, 'some-some-moon02', NULL, 3, NULL);
INSERT INTO public.moon VALUES (22, 'some-some-moon03', NULL, 3, NULL);
INSERT INTO public.moon VALUES (23, 'some-some-moon04', NULL, 3, NULL);
INSERT INTO public.moon VALUES (24, 'some-some-moon05', NULL, 3, NULL);
INSERT INTO public.moon VALUES (25, 'some-some-moon06', NULL, 3, NULL);
INSERT INTO public.moon VALUES (26, 'some-some-moon07', NULL, 3, NULL);
INSERT INTO public.moon VALUES (27, 'some-some-moon08', NULL, 3, NULL);
INSERT INTO public.moon VALUES (28, 'some-some-moon09', NULL, 3, NULL);
INSERT INTO public.moon VALUES (29, 'some-some-moon10', NULL, 3, NULL);
INSERT INTO public.moon VALUES (30, 'some-some-moon11', NULL, 3, NULL);
INSERT INTO public.moon VALUES (31, 'some-some-moon12', NULL, 3, NULL);
INSERT INTO public.moon VALUES (32, 'some-some-moon13', NULL, 3, NULL);
INSERT INTO public.moon VALUES (33, 'some-some-moon14', NULL, 3, NULL);
INSERT INTO public.moon VALUES (34, 'some-some-moon15', NULL, 3, NULL);


--
-- Data for Name: planet; Type: TABLE DATA; Schema: public; Owner: freecodecamp
--

INSERT INTO public.planet VALUES (1, 'earth', NULL, 0, 2, true);
INSERT INTO public.planet VALUES (2, 'non-habitable00', NULL, 3.5, 1, false);
INSERT INTO public.planet VALUES (3, 'non-habitable01', NULL, 522.623, 3, false);
INSERT INTO public.planet VALUES (4, 'non-habitable02', NULL, 432.623, 2, false);
INSERT INTO public.planet VALUES (5, 'non-habitable03', NULL, 67572.623, 5, false);
INSERT INTO public.planet VALUES (10, 'non-habitable08', NULL, NULL, 1, false);
INSERT INTO public.planet VALUES (11, 'non-habitable09', NULL, NULL, 5, false);
INSERT INTO public.planet VALUES (12, 'non-habitable10', NULL, NULL, 6, false);
INSERT INTO public.planet VALUES (13, 'non-habitable11', NULL, NULL, 4, false);
INSERT INTO public.planet VALUES (14, 'non-habitable12', NULL, NULL, 2, false);
INSERT INTO public.planet VALUES (7, 'non-habitable05', NULL, 122.623, 4, false);
INSERT INTO public.planet VALUES (8, 'non-habitable06', NULL, 532.623, 4, false);
INSERT INTO public.planet VALUES (9, 'non-habitable07', NULL, 42.623, 4, false);


--
-- Data for Name: star; Type: TABLE DATA; Schema: public; Owner: freecodecamp
--

INSERT INTO public.star VALUES (1, 'bonbon', NULL, 10, 2);
INSERT INTO public.star VALUES (2, 'tomtom', NULL, 44, 4);
INSERT INTO public.star VALUES (3, 'macademia', NULL, 8, 6);
INSERT INTO public.star VALUES (4, 'xyz-super-rare', NULL, 798, 3);
INSERT INTO public.star VALUES (5, 'tomato', NULL, 92, 1);
INSERT INTO public.star VALUES (6, 'sepet', NULL, 100, 2);


--
-- Name: galaxy_galaxy_id_seq; Type: SEQUENCE SET; Schema: public; Owner: freecodecamp
--

SELECT pg_catalog.setval('public.galaxy_galaxy_id_seq', 6, true);


--
-- Name: galaxy_types_galaxy_types_id_seq; Type: SEQUENCE SET; Schema: public; Owner: freecodecamp
--

SELECT pg_catalog.setval('public.galaxy_types_galaxy_types_id_seq', 6, true);


--
-- Name: moon_moon_id_seq; Type: SEQUENCE SET; Schema: public; Owner: freecodecamp
--

SELECT pg_catalog.setval('public.moon_moon_id_seq', 34, true);


--
-- Name: planet_planet_id_seq; Type: SEQUENCE SET; Schema: public; Owner: freecodecamp
--

SELECT pg_catalog.setval('public.planet_planet_id_seq', 14, true);


--
-- Name: star_star_id_seq; Type: SEQUENCE SET; Schema: public; Owner: freecodecamp
--

SELECT pg_catalog.setval('public.star_star_id_seq', 6, true);


--
-- Name: galaxy galaxy_name_key; Type: CONSTRAINT; Schema: public; Owner: freecodecamp
--

ALTER TABLE ONLY public.galaxy
    ADD CONSTRAINT galaxy_name_key UNIQUE (name);


--
-- Name: galaxy galaxy_pkey; Type: CONSTRAINT; Schema: public; Owner: freecodecamp
--

ALTER TABLE ONLY public.galaxy
    ADD CONSTRAINT galaxy_pkey PRIMARY KEY (galaxy_id);


--
-- Name: galaxy_types galaxy_types_name_key; Type: CONSTRAINT; Schema: public; Owner: freecodecamp
--

ALTER TABLE ONLY public.galaxy_types
    ADD CONSTRAINT galaxy_types_name_key UNIQUE (name);


--
-- Name: galaxy_types galaxy_types_pkey; Type: CONSTRAINT; Schema: public; Owner: freecodecamp
--

ALTER TABLE ONLY public.galaxy_types
    ADD CONSTRAINT galaxy_types_pkey PRIMARY KEY (galaxy_types_id);


--
-- Name: moon moon_name_key; Type: CONSTRAINT; Schema: public; Owner: freecodecamp
--

ALTER TABLE ONLY public.moon
    ADD CONSTRAINT moon_name_key UNIQUE (name);


--
-- Name: moon moon_pkey; Type: CONSTRAINT; Schema: public; Owner: freecodecamp
--

ALTER TABLE ONLY public.moon
    ADD CONSTRAINT moon_pkey PRIMARY KEY (moon_id);


--
-- Name: planet planet_name_key; Type: CONSTRAINT; Schema: public; Owner: freecodecamp
--

ALTER TABLE ONLY public.planet
    ADD CONSTRAINT planet_name_key UNIQUE (name);


--
-- Name: planet planet_pkey; Type: CONSTRAINT; Schema: public; Owner: freecodecamp
--

ALTER TABLE ONLY public.planet
    ADD CONSTRAINT planet_pkey PRIMARY KEY (planet_id);


--
-- Name: star star_name_key; Type: CONSTRAINT; Schema: public; Owner: freecodecamp
--

ALTER TABLE ONLY public.star
    ADD CONSTRAINT star_name_key UNIQUE (name);


--
-- Name: star star_pkey; Type: CONSTRAINT; Schema: public; Owner: freecodecamp
--

ALTER TABLE ONLY public.star
    ADD CONSTRAINT star_pkey PRIMARY KEY (star_id);


--
-- Name: galaxy galaxy_galaxy_types_id_fkey; Type: FK CONSTRAINT; Schema: public; Owner: freecodecamp
--

ALTER TABLE ONLY public.galaxy
    ADD CONSTRAINT galaxy_galaxy_types_id_fkey FOREIGN KEY (galaxy_types_id) REFERENCES public.galaxy_types(galaxy_types_id);


--
-- Name: moon moon_planet_id_fkey; Type: FK CONSTRAINT; Schema: public; Owner: freecodecamp
--

ALTER TABLE ONLY public.moon
    ADD CONSTRAINT moon_planet_id_fkey FOREIGN KEY (planet_id) REFERENCES public.planet(planet_id);


--
-- Name: planet planet_star_id_fkey; Type: FK CONSTRAINT; Schema: public; Owner: freecodecamp
--

ALTER TABLE ONLY public.planet
    ADD CONSTRAINT planet_star_id_fkey FOREIGN KEY (star_id) REFERENCES public.star(star_id);


--
-- Name: star star_galaxy_id_fkey; Type: FK CONSTRAINT; Schema: public; Owner: freecodecamp
--

ALTER TABLE ONLY public.star
    ADD CONSTRAINT star_galaxy_id_fkey FOREIGN KEY (galaxy_id) REFERENCES public.galaxy(galaxy_id);


--
-- PostgreSQL database dump complete
--

